State_Name,StudyYear,MFCCToddler,MFCCPreschool,_75FCCInfant,_75FCCToddler,_75FCCPreschool
Alabama,2008,85.13014925373135,83.22119402985074,98.9134328358209,99.04776119402985,96.82686567164178
Alabama,2009,86.42328358208955,84.69089552238806,100.4776119402985,100.55223880597015,98.53731343283582
Alabama,2010,87.7923880597015,86.15940298507464,102.04179104477612,102.14626865671642,100.24776119402986
Alabama,2011,89.2020895522388,87.6313432835821,103.60597014925374,103.78507462686568,101.95820895522388
Alabama,2012,90.6220895522388,89.10104477611941,105.17014925373134,105.43880597014925,103.66865671641791
Alabama,2013,92.04477611940298,90.56985074626866,106.73432835820896,107.09253731343283,105.37910447761193
Alabama,2014,93.46417910447762,92.0397014925373,108.29850746268657,108.74626865671642,107.08955223880596
Alabama,2015,94.77223880597015,93.39044776119403,109.97044776119404,110.26865671641791,108.66313432835821
Alabama,2016,96.07985074626866,94.74179104477612,111.64149253731343,111.7910447761194,110.23238805970149
Alabama,2017,97.38835820895521,96.09283582089553,113.31343283582089,113.31343283582089,111.80597014925372
Alabama,2018,99.12059701492537,97.44522388059701,114.98537313432837,115.32925373134329,113.37955223880597
Alaska,2014,159.81,150.0,184.62,170.19,161.54
Alaska,2015,155.3009090909091,144.54636363636362,184.09181818181818,159.75,151.82545454545453
Alaska,2016,160.96,150.0,184.62,175.96,161.54
Alaska,2017,161.54,150.0,184.62,178.85,161.54
Alaska,2018,162.12,150.0,184.62,181.73,161.54
Arizona,2008,107.1,101.33333333333333,123.33333333333333,121.33333333333333,120.0
Arizona,2009,108.38333333333334,104.0,124.33333333333333,122.83333333333333,120.83333333333333
Arizona,2010,109.66666666666667,106.66666666666667,125.33333333333333,124.33333333333333,121.66666666666667
Arizona,2011,106.10799999999999,104.44133333333333,123.71333333333334,121.56133333333334,120.22800000000001
Arizona,2012,102.54666666666667,102.21333333333334,122.09333333333333,118.78666666666666,118.78666666666666
Arizona,2013,108.44133333333333,105.27466666666666,124.38000000000001,121.468,119.83999999999999
Arizona,2014,114.33333333333333,108.33333333333333,126.66666666666667,124.14666666666668,120.89333333333335
Arizona,2015,114.0,107.75,128.31933333333333,125.44466666666668,122.50399999999999
Arizona,2016,113.66666666666667,107.16666666666667,130.158,126.74133333333333,124.11466666666666
Arizona,2017,113.33333333333333,106.58333333333333,131.99733333333333,128.03933333333333,125.72266666666668
Arizona,2018,113.0,106.0,133.83333333333334,129.33333333333334,127.33333333333333
Arkansas,2014,81.83333333333333,79.12866666666666,104.83333333333333,90.48133333333334,90.46266666666666
Arkansas,2015,84.0,80.83333333333333,106.66666666666667,92.66666666666667,92.66666666666667
Arkansas,2016,86.16666666666667,82.54533333333333,108.5,96.16666666666667,96.16666666666667
Arkansas,2017,88.33333333333333,84.25,110.33333333333333,99.66666666666667,99.66666666666667
Arkansas,2018,90.5,85.96199999999999,112.16666666666667,103.16666666666667,103.16666666666667
California,2008,143.901724137931,143.901724137931,174.7693103448276,166.46172413793104,166.46172413793104
California,2009,147.96637931034482,147.96637931034482,181.6787931034483,170.99689655172412,170.99689655172412
California,2010,151.61293103448276,151.61293103448276,189.29431034482758,175.62827586206896,175.62827586206896
California,2011,155.26120689655173,155.26120689655173,196.9093103448276,180.25965517241377,180.25965517241377
California,2012,158.90775862068966,158.90775862068966,204.5248275862069,184.8910344827586,184.8910344827586
California,2013,159.82362068965517,159.82362068965517,203.9865517241379,186.4096551724138,186.4096551724138
California,2014,160.73413793103447,160.73413793103447,203.44293103448277,187.92344827586206,187.92344827586206
California,2015,165.1603448275862,165.1603448275862,209.93086206896552,193.47172413793103,193.47172413793103
California,2016,169.5803448275862,169.5803448275862,216.41379310344828,199.01586206896553,199.01586206896553
California,2017,175.53224137931036,175.53224137931036,225.59224137931034,205.49224137931034,205.49224137931034
California,2018,181.47879310344828,181.47879310344828,234.76637931034483,211.9646551724138,211.9646551724138
Colorado,2015,157.0,149.1453125,203.04999999999998,179.1609375,169.640625
Connecticut,2008,172.1875,160.96875,184.375,184.375,182.5475
Connecticut,2009,173.75,163.75,186.875,186.875,183.75
Connecticut,2010,175.3125,166.53125,194.0625,194.0625,186.5625
Connecticut,2011,176.875,169.3125,201.25,201.25,189.375
Connecticut,2012,180.9375,172.82875,203.4375,203.4375,192.34375
Connecticut,2013,185.0,176.34375,205.625,205.625,195.3125
Connecticut,2014,189.0625,179.86,207.8125,207.8125,198.28125
Connecticut,2015,193.125,183.375,210.0,210.0,201.25
Connecticut,2016,194.25125,187.75,216.665,213.75,207.91625
Connecticut,2017,195.37375,192.125,223.335,217.5,214.58375
Connecticut,2018,196.5,196.5,230.0,221.25,221.25
Delaware,2008,113.29,105.92666666666666,133.96333333333334,131.93333333333334,123.36000000000001
Delaware,2009,115.12,108.81333333333333,136.23666666666665,134.06666666666666,126.71666666666665
Delaware,2010,116.95333333333333,111.69666666666667,138.95000000000002,136.20000000000002,130.07666666666668
Delaware,2011,118.78333333333335,114.58,141.66666666666666,138.33333333333334,133.43333333333334
Delaware,2012,120.21999999999998,114.51999999999998,147.08666666666667,140.0,133.37
Delaware,2013,121.65000000000002,114.46,152.5,141.66666666666666,133.29999999999998
Delaware,2014,126.12,117.33999999999999,155.42,146.87666666666667,136.65333333333334
Delaware,2015,130.59333333333333,120.21999999999998,158.33333333333334,152.08333333333334,140.0
Delaware,2016,132.79999999999998,125.18,161.61,154.65333333333334,145.78
Delaware,2017,135.01,130.14000000000001,164.89,157.23,151.55333333333334
Delaware,2018,137.21666666666667,135.09666666666666,168.16666666666666,159.79999999999998,157.33333333333334
District of Columbia,2012,200.34,192.8,250.4,232.5,223.75
Florida,2008,105.01323076923076,101.67599999999999,134.9176923076923,122.3176923076923,118.342
Florida,2009,109.00230769230768,105.7046153846154,138.15384615384616,126.76923076923077,122.92999999999999
Florida,2010,111.6611475409836,107.04081967213115,138.80803278688526,127.56196721311476,123.11704918032787
Florida,2011,113.30868852459017,107.30065573770491,137.78032786885245,127.17262295081967,122.04590163934427
Florida,2012,114.9567213114754,107.56131147540984,136.75065573770493,126.78245901639343,120.9744262295082
Florida,2013,116.33709677419354,107.56741935483872,135.66983870967744,126.32935483870968,119.88967741935484
Florida,2014,117.85822580645161,108.62290322580645,138.9140322580645,128.13048387096774,121.29693548387097
Florida,2015,119.12865671641791,109.39179104477611,141.3223880597015,129.4116417910448,122.5728358208955
Florida,2016,121.015,111.40375,146.00109375,132.39515625,125.903125
Florida,2017,122.87359375,112.93203125,150.83578125,135.66890625,128.9453125
Georgia,2016,93.64779874213836,93.20754716981132,109.96855345911949,106.38364779874213,104.0880503144654
Hawaii,2011,141.78,136.01,150.5725,150.5725,146.395
Hawaii,2012,142.4975,138.46,151.4425,151.4425,147.115
Hawaii,2013,143.22,140.91500000000002,154.04000000000002,154.04000000000002,149.28
Hawaii,2014,143.9425,143.365,156.635,156.635,151.4425
Hawaii,2015,145.3825,145.095,157.2125,157.2125,157.2125
Hawaii,2016,150.0,150.0,161.5375,161.5375,161.5375
Hawaii,2017,157.2125,151.4425,168.1725,168.1725,162.98000000000002
Hawaii,2018,150.0,136.73250000000002,171.635,171.635,170.48
Idaho,2012,105.72704545454545,98.9240909090909,125.6840909090909,118.88499999999999,112.44068181818183
Idaho,2013,103.80295454545454,98.20477272727273,126.0075,118.43340909090911,111.625
Idaho,2014,100.62886363636363,96.28045454545455,124.82431818181819,116.71477272727272,109.42136363636364
Idaho,2015,97.45340909090909,94.35681818181818,123.63522727272726,115.02863636363637,107.2215909090909
Idaho,2016,99.61272727272727,96.0425,122.75863636363637,116.19954545454544,108.39727272727274
Idaho,2017,101.77090909090909,97.72227272727272,121.87772727272727,117.37068181818182,109.56659090909092
Idaho,2018,103.93227272727272,99.4084090909091,120.99704545454546,118.54363636363637,110.74386363636363
Illinois,2008,97.65686274509804,95.53921568627452,110.63725490196079,109.95098039215686,108.03921568627452
Illinois,2009,102.50490196078431,100.69117647058823,116.85392156862746,113.93333333333334,109.57764705882353
Illinois,2010,107.3529411764706,105.84313725490196,123.07058823529412,117.9156862745098,111.10833333333332
Illinois,2011,109.36764705882354,106.08333333333333,127.82372549019608,123.28803921568627,115.95343137254902
Illinois,2012,111.38235294117646,106.32352941176471,132.56911764705882,128.65882352941176,120.79852941176472
Illinois,2013,118.31333333333332,111.08882352941175,135.32519607843136,130.68480392156863,124.88627450980391
Illinois,2014,125.2436274509804,115.85343137254901,138.0735294117647,132.70147058823528,128.97401960784313
Illinois,2015,128.17745098039217,121.95137254901961,145.30323529411763,137.22696078431372,130.66735294117646
Illinois,2016,131.11127450980393,128.0470588235294,152.52450980392155,141.75245098039215,132.35294117647058
Illinois,2017,131.11127450980393,128.07529411764708,152.9736274509804,142.8799019607843,132.35294117647058
Illinois,2018,131.11127450980393,128.10196078431372,153.4220588235294,144.00735294117646,132.35294117647058
Iowa,2017,100.72040404040403,98.92161616161616,117.30878787878788,117.30878787878788,115.21373737373737
Kansas,2008,73.1504761904762,73.1504761904762,87.82476190476191,82.00761904761904,82.00761904761904
Kansas,2009,71.69904761904762,71.69904761904762,85.5695238095238,80.29142857142857,80.29142857142857
Kansas,2010,70.24761904761905,70.24761904761905,83.31428571428572,78.57523809523809,78.57523809523809
Kansas,2011,71.37714285714286,71.37714285714286,86.23238095238095,79.4552380952381,79.4552380952381
Kansas,2012,72.50666666666667,72.50666666666667,89.15047619047618,80.33523809523808,80.33523809523808
Kansas,2013,75.29142857142857,75.29142857142857,95.08952380952381,79.91619047619047,79.91619047619047
Kansas,2014,76.86571428571429,76.86571428571429,96.69904761904762,83.4409523809524,83.4409523809524
Kansas,2015,78.43999999999998,78.43999999999998,98.30857142857143,86.96571428571428,86.96571428571428
Kansas,2016,80.01428571428572,80.01428571428572,99.91809523809523,90.49047619047619,90.49047619047619
Kansas,2017,81.58857142857143,81.58857142857143,101.52761904761904,94.0152380952381,94.0152380952381
Kansas,2018,83.16285714285715,83.16285714285715,105.21866666666666,97.53999999999999,97.53999999999999
Kentucky,2008,80.22991666666667,80.22991666666667,100.75,93.31400000000001,93.31400000000001
Kentucky,2009,83.82883333333332,83.82883333333332,103.625,97.5,97.5
Kentucky,2010,87.429,87.429,106.5,101.68900000000001,101.68900000000001
Kentucky,2011,91.02716666666667,91.02716666666667,109.375,105.875,105.875
Kentucky,2012,97.90883333333333,97.90883333333333,121.09525000000001,113.875,113.875
Kentucky,2013,104.79266666666666,104.79266666666666,132.8125,121.875,121.875
Kentucky,2014,97.91708333333332,97.91708333333332,124.21066666666667,112.92425,112.92425
Kentucky,2015,91.04166666666667,91.04166666666667,115.60658333333332,103.96866666666666,103.96866666666666
Kentucky,2016,92.57291666666667,92.57291666666667,114.71058333333333,104.44033333333333,104.44033333333333
Kentucky,2017,94.10416666666667,94.10416666666667,113.8125,104.90625,104.90625
Kentucky,2018,95.63541666666667,95.63541666666667,115.07958333333333,105.45174999999999,105.45174999999999
Louisiana,2008,81.5,78.515625,92.86140625,89.2878125,86.99296875
Louisiana,2009,83.85859375,80.9375,96.265625,92.56,90.0
Louisiana,2010,86.40703125,84.453125,101.260625,97.5153125,94.47265625
Louisiana,2011,88.53203125,86.7875,104.14,100.638125,97.69609375
Louisiana,2012,90.65625,89.31640625,107.01656249999999,103.75671875,100.91609375
Louisiana,2013,89.844375,88.1690625,106.5265625,102.9671875,101.25421874999999
Louisiana,2014,89.0296875,87.47859375,106.03328125,102.17625,101.7228125
Louisiana,2015,88.2165625,87.24609375,106.16171875,101.38671875,102.4171875
Louisiana,2016,88.965625,88.18375,108.416875,103.0403125,105.33890625
Maine,2012,119.6875,112.8125,137.31,131.03625,128.20375
Maine,2013,122.5,115.625,140.15625,133.828125,129.53125
Maine,2014,125.3125,118.4375,144.805,138.789375,134.14125
Maine,2015,128.125,121.25,150.9375,143.75,138.75
Maine,2016,132.34312500000001,126.088125,155.62375,148.769375,143.02
Maine,2017,136.56312499999999,130.928125,160.43875,153.793125,147.2925
Maine,2018,140.78125,135.76625,166.4375,158.8125,151.5625
Maryland,2013,132.19166666666666,132.19166666666666,174.84333333333333,148.58333333333334,148.58333333333334
Maryland,2014,133.54166666666666,133.54166666666666,177.24,150.90333333333334,150.90333333333334
Maryland,2015,134.89166666666668,134.89166666666668,179.63666666666666,153.22333333333333,153.22333333333333
Maryland,2016,136.24958333333333,136.24958333333333,182.03083333333333,155.54333333333332,155.54333333333332
Maryland,2017,137.60083333333333,137.60083333333333,184.4283333333333,157.86291666666668,157.86291666666668
Maryland,2018,138.95708333333334,138.95708333333334,187.23041666666666,160.185,160.185
Massachusetts,2008,191.42857142857142,191.42857142857142,228.39285714285714,218.21428571428572,218.21428571428572
Massachusetts,2009,191.7864285714286,191.7864285714286,231.64357142857145,220.0007142857143,220.0007142857143
Massachusetts,2010,192.14214285714283,192.14214285714283,234.89214285714283,221.785,221.785
Massachusetts,2011,192.5,192.5,238.14285714285714,223.57142857142858,223.57142857142858
Massachusetts,2012,198.03571428571428,196.30357142857142,244.15642857142856,230.84857142857143,230.80357142857142
Massachusetts,2013,203.57142857142858,200.10714285714286,250.16785714285714,238.125,238.03571428571428
Massachusetts,2014,209.10714285714286,203.91071428571428,256.18142857142857,245.40214285714288,245.26785714285714
Massachusetts,2015,214.64285714285714,207.71428571428572,262.1928571428571,252.67857142857142,252.5
Massachusetts,2016,215.23714285714286,207.1092857142857,264.675,249.99857142857144,249.4042857142857
Massachusetts,2017,215.8342857142857,206.49785714285716,267.1607142857143,247.32285714285715,246.31
Massachusetts,2018,216.42857142857142,205.89285714285714,269.64285714285717,244.64285714285714,243.21428571428572
Michigan,2008,103.31638554216867,96.49819277108435,122.32301204819277,118.14144578313253,115.00192771084338
Michigan,2009,92.4290361445783,84.95301204819278,108.7124096385542,100.34939759036145,100.34939759036145
Michigan,2010,97.42180722891567,93.6832530120482,121.57265060240965,117.39180722891567,112.51867469879517
Michigan,2011,102.41385542168675,102.41385542168675,134.43349397590362,134.43349397590362,124.68686746987952
Michigan,2012,102.51313253012049,102.51313253012049,134.56963855421688,134.56963855421688,121.27722891566265
Michigan,2013,102.6133734939759,102.6133734939759,134.70530120481928,134.70530120481928,117.86698795180722
Michigan,2014,101.83638554216867,99.38132530120481,126.17144578313253,126.17144578313253,114.89566265060242
Michigan,2015,101.05915662650602,96.14987951807228,117.6377108433735,117.6377108433735,111.92433734939759
Michigan,2016,104.52867469879517,99.91927710843373,122.90072289156626,121.67795180722892,116.31192771084336
Michigan,2017,107.99951807228915,103.68915662650603,128.16385542168675,125.71686746987952,120.70012048192771
Michigan,2018,111.46951807228915,107.45759036144578,133.42674698795182,129.75722891566267,125.08783132530121
Minnesota,2008,117.41379310344827,113.62068965517241,131.16850574712643,126.27586206896552,121.82758620689656
Minnesota,2009,116.4367816091954,112.44252873563218,131.32183908045977,125.63218390804597,121.4367816091954
Minnesota,2010,115.45977011494253,111.26436781609195,131.72413793103448,124.98850574712644,121.04597701149426
Minnesota,2011,115.59770114942529,112.58620689655173,130.75540229885056,124.88505747126437,123.04597701149426
Minnesota,2012,117.816091954023,112.94540229885058,132.35632183908046,126.89655172413794,122.816091954023
Minnesota,2013,119.3103448275862,113.83137931034483,135.89080459770116,129.2528735632184,124.51149425287356
Minnesota,2014,120.80459770114942,114.71264367816092,139.42528735632183,131.60919540229884,126.20689655172414
Minnesota,2015,122.90229885057471,117.26379310344828,141.95402298850576,133.82183908045977,128.2183908045977
Minnesota,2016,125.0,119.81494252873563,144.48275862068965,136.0344827586207,130.22988505747125
Minnesota,2017,127.78735632183908,123.81551724137933,145.94827586206895,138.99425287356323,133.27586206896552
Minnesota,2018,130.57471264367817,127.816091954023,147.41379310344828,141.95402298850576,136.32183908045977
Mississippi,2010,65.34317073170732,65.34317073170732,76.03317073170732,76.03317073170732,76.03317073170732
Mississippi,2011,61.77756097560976,61.77756097560976,71.88329268292684,71.88329268292684,71.88329268292684
Mississippi,2012,58.211341463414634,58.211341463414634,82.5060975609756,67.73378048780488,67.73378048780488
Mississippi,2013,54.64621951219512,54.64621951219512,93.1280487804878,63.58548780487805,63.58548780487805
Mississippi,2014,55.839878048780484,54.19024390243903,84.70792682926829,64.97524390243903,63.05560975609757
Mississippi,2015,57.034878048780485,53.73487804878049,76.28682926829268,66.36560975609756,62.52573170731707
Mississippi,2016,58.22963414634146,53.27939024390244,67.86682926829268,67.75646341463414,61.99609756097561
Mississippi,2017,59.424390243902444,52.82475609756098,69.14548780487806,69.14548780487806,61.46658536585366
Mississippi,2018,60.61865853658536,52.36963414634147,70.62914634146341,70.53536585365853,60.93646341463415
Missouri,2015,77.29499999999999,77.29499999999999,108.265,89.7,89.7
Missouri,2016,85.69749999999999,85.69749999999999,115.055,99.57,99.57
Missouri,2017,105.695,105.695,139.215,122.66499999999999,122.66499999999999
Missouri,2018,99.95599999999999,99.95599999999999,128.084,116.0,116.0
Montana,2016,100.70535714285714,100.70535714285714,125.48428571428572,117.11839285714287,117.11839285714287
Nebraska,2016,110.11182795698925,110.08602150537635,130.05376344086022,127.9763440860215,121.47956989247312
Nebraska,2017,110.79139784946237,110.7741935483871,127.84946236559139,126.46451612903226,122.13333333333333
Nebraska,2018,111.47096774193548,111.46236559139786,125.64516129032258,124.95268817204301,122.78709677419356
Nevada,2008,140.30764705882353,138.87588235294118,156.78411764705882,151.33705882352942,144.3170588235294
Nevada,2009,120.66352941176469,117.35588235294118,126.17823529411763,120.66352941176469,117.35588235294118
Nevada,2010,124.8558823529412,119.50647058823529,139.48176470588237,132.34117647058824,128.1829411764706
Nevada,2011,129.04823529411766,121.65647058823528,152.87235294117647,144.01941176470586,139.00941176470587
Nevada,2012,127.01352941176471,122.67235294117648,132.95823529411766,127.01352941176471,122.67235294117648
Nevada,2013,130.63588235294117,131.97470588235296,150.35470588235296,145.50882352941176,143.7670588235294
Nevada,2014,138.36117647058822,140.72176470588235,156.73705882352942,154.21411764705883,152.97000000000003
Nevada,2015,147.82461538461538,144.1946153846154,176.64692307692306,175.10846153846154,173.5223076923077
Nevada,2016,156.76,154.26500000000001,193.12,188.25125,186.56625
New Hampshire,2018,159.241,159.241,170.691,168.44400000000002,161.708
New Jersey,2008,133.99428571428572,119.63714285714286,160.8995238095238,146.70238095238096,141.9704761904762
New Jersey,2016,162.14285714285714,150.8095238095238,189.95238095238096,181.1904761904762,172.8095238095238
New Jersey,2017,166.19666666666666,154.70666666666668,193.72238095238095,186.03190476190477,176.91476190476192
New Jersey,2018,170.29809523809521,158.60285714285715,197.76238095238097,190.92190476190476,181.56428571428572
New York,2018,166.9666129032258,163.8641935483871,204.0851612903226,194.35629032258063,190.74887096774194
North Carolina,2014,107.86571428571429,103.16663265306123,139.37571428571428,129.18489795918367,122.8269387755102
North Carolina,2015,111.56549999999999,106.9808,139.5494,129.8639,124.527
North Carolina,2016,116.25969387755103,112.02734693877551,141.21673469387756,132.41622448979592,128.18030612244897
North Carolina,2017,120.58540816326531,116.72061224489796,143.13489795918366,134.53255102040816,131.41591836734693
North Carolina,2018,124.91061224489796,121.41408163265307,145.22214285714287,136.6495918367347,134.65214285714285
North Dakota,2008,81.11622641509433,81.11622641509433,89.60622641509434,81.11622641509433,81.11622641509433
North Dakota,2009,82.13207547169812,82.13207547169812,89.0388679245283,82.13207547169812,82.13207547169812
North Dakota,2010,83.14849056603774,83.14849056603774,90.45981132075471,85.16943396226414,86.0877358490566
North Dakota,2011,84.16396226415094,84.16396226415094,91.8811320754717,88.20622641509435,90.0433962264151
North Dakota,2012,88.10735849056603,88.10735849056603,97.26150943396226,92.6156603773585,93.99320754716982
North Dakota,2013,92.05169811320755,92.05169811320755,102.64245283018869,97.02547169811321,97.94490566037736
North Dakota,2014,95.9943396226415,95.9943396226415,108.02415094339622,101.43509433962265,101.8943396226415
North Dakota,2015,99.93886792452831,99.93886792452831,113.40433962264152,105.84509433962265,105.84509433962265
North Dakota,2016,103.4266037735849,99.59509433962265,116.77490566037736,111.11792452830188,109.24094339622641
North Dakota,2017,106.91415094339622,103.0966037735849,120.14603773584905,116.39113207547169,112.63641509433961
North Dakota,2018,110.4033962264151,106.59716981132075,123.51566037735849,121.66528301886792,116.03226415094339
Ohio,2009,133.32647727272726,130.93102272727273,186.68011363636361,147.80931818181818,144.00227272727273
Ohio,2010,133.44897727272726,128.76397727272726,173.96443181818182,148.8296590909091,144.69261363636363
Ohio,2011,133.57511363636365,126.59943181818181,164.7565909090909,150.6515909090909,146.37522727272727
Ohio,2012,133.69761363636363,124.43238636363635,155.54500000000002,152.4665909090909,148.05511363636364
Ohio,2013,137.11386363636365,128.90227272727273,165.54363636363635,160.58602272727273,153.96113636363637
Ohio,2014,140.52352272727273,133.36784090909092,175.53965909090908,168.69806818181817,159.86204545454544
Ohio,2015,141.4296590909091,133.13386363636366,174.91511363636366,167.95375,158.44715909090908
Ohio,2016,142.32988636363638,132.89409090909092,174.2869318181818,167.20204545454547,157.02806818181818
Ohio,2017,142.0234090909091,132.81,170.96875,162.64011363636362,153.26181818181817
Ohio,2018,141.7140909090909,132.71875,167.64772727272728,158.0681818181818,149.48863636363637
Oklahoma,2008,79.5287012987013,79.5287012987013,89.65194805194805,79.5287012987013,79.5287012987013
Oklahoma,2009,82.38181818181818,82.38181818181818,92.39753246753246,82.38181818181818,82.38181818181818
Oklahoma,2010,85.23376623376623,85.23376623376623,95.14272727272727,85.23376623376623,85.23376623376623
Oklahoma,2011,89.69324675324675,89.69324675324675,97.47116883116882,89.69324675324675,89.69324675324675
Oklahoma,2012,94.15285714285713,94.15285714285713,99.80155844155844,94.15285714285713,94.15285714285713
Oklahoma,2013,97.13714285714286,97.13714285714286,101.52,97.13714285714286,97.13714285714286
Oklahoma,2014,100.12194805194805,100.12194805194805,103.23935064935065,100.12194805194805,100.12194805194805
Oklahoma,2015,102.27337662337662,102.27337662337662,105.42,102.27337662337662,102.27337662337662
Oklahoma,2016,104.42441558441558,104.42441558441558,107.59922077922077,104.42441558441558,104.42441558441558
Oklahoma,2017,106.57675324675324,106.57675324675324,109.77987012987012,106.57675324675324,106.57675324675324
Oklahoma,2018,108.7274025974026,108.7274025974026,112.00688311688313,108.77233766233765,108.77233766233765
Oregon,2008,98.17138888888888,98.17138888888888,114.42305555555555,105.61111111111111,105.61111111111111
Oregon,2009,98.84611111111111,98.84611111111111,115.06416666666665,106.42361111111111,106.42361111111111
Oregon,2010,99.52027777777778,99.52027777777778,115.70472222222222,107.23694444444443,107.23694444444443
Oregon,2011,99.67,99.67,115.62472222222222,108.92138888888888,108.90527777777778
Oregon,2012,99.82,99.82,115.54472222222222,110.60916666666668,110.57694444444445
Oregon,2013,105.99833333333333,105.99833333333333,123.90194444444445,120.69916666666667,120.68305555555555
Oregon,2014,112.1775,112.1775,132.25750000000002,130.78666666666666,130.78666666666666
Oregon,2015,115.11,115.11,137.4347222222222,131.4763888888889,131.4763888888889
Oregon,2016,118.04138888888889,118.04138888888889,142.61416666666665,132.1638888888889,132.1638888888889
Oregon,2017,121.80055555555555,121.80055555555555,145.28222222222223,137.1275,137.1275
Oregon,2018,125.55472222222222,125.55472222222222,147.95,142.08972222222224,142.08972222222224
Pennsylvania,2008,119.3223880597015,116.26940298507463,141.60373134328358,132.58955223880596,130.22985074626865
Pennsylvania,2009,122.9368656716418,120.75373134328358,147.49432835820897,136.7055223880597,134.00298507462688
Pennsylvania,2010,123.40298507462687,121.33731343283583,145.6097014925373,138.27014925373135,135.5955223880597
Pennsylvania,2011,124.20313432835822,122.18313432835822,146.86626865671641,138.7913432835821,136.0741791044776
Pennsylvania,2012,125.00223880597014,123.02761194029851,148.18358208955223,139.3097014925373,136.54925373134327
Pennsylvania,2013,126.99164179104478,124.49880597014925,152.8282089552239,142.05388059701494,138.9189552238806
Pennsylvania,2014,128.9802985074627,125.96865671641791,157.49641791044778,144.79492537313433,141.2858208955224
Pennsylvania,2015,130.92641791044775,128.31194029850747,158.3565671641791,147.02044776119405,144.5431343283582
Pennsylvania,2016,132.8723880597015,130.65492537313432,159.23940298507463,149.24477611940299,147.79865671641792
Pennsylvania,2017,134.80940298507463,132.2620895522388,161.6055223880597,150.80925373134326,148.50388059701493
Pennsylvania,2018,136.7462686567164,133.86865671641792,164.0402985074627,152.3723880597015,149.20746268656717
Rhode Island,2018,188.87199999999999,174.13,214.43200000000002,214.43200000000002,205.32200000000003
South Carolina,2014,87.06521739130434,83.69565217391305,105.05434782608695,105.05434782608695,93.70652173913044
South Carolina,2015,91.84782608695652,86.41304347826087,108.69565217391305,108.69565217391305,99.6086956521739
South Carolina,2016,96.6304347826087,89.1304347826087,112.33695652173913,112.33695652173913,105.51086956521739
South Carolina,2017,101.41304347826087,91.84782608695652,115.97826086956522,115.97826086956522,111.41304347826087
South Carolina,2018,106.19565217391305,94.56521739130434,119.6195652173913,119.6195652173913,117.31521739130434
South Dakota,2008,77.49945454545455,75.72909090909091,90.13272727272728,90.13272727272728,88.07109090909091
South Dakota,2009,77.07545454545453,74.58636363636364,89.64418181818182,89.64418181818182,86.7450909090909
South Dakota,2010,74.83818181818181,72.0259090909091,87.01848484848485,87.01848484848485,83.75
South Dakota,2011,74.14727272727272,71.33409090909092,86.21212121212122,86.21212121212122,82.93939393939394
South Dakota,2012,76.47848484848485,73.90272727272728,88.91666666666667,88.91666666666667,85.92757575757577
South Dakota,2013,78.80151515151515,76.47803030303031,91.62121212121212,91.62121212121212,88.91560606060607
South Dakota,2014,79.21060606060605,77.85348484848485,92.09848484848484,92.09848484848484,90.51848484848485
South Dakota,2015,79.6189393939394,79.23,92.57575757575758,92.57575757575758,92.12121212121212
South Dakota,2016,83.07772727272727,82.8040909090909,96.5909090909091,96.5909090909091,96.27272727272727
South Dakota,2017,86.53484848484848,86.37848484848486,100.60606060606061,100.60606060606061,100.42424242424242
South Dakota,2018,87.10621212121212,86.58666666666667,101.27272727272727,101.27272727272727,100.66666666666667
Tennessee,2008,79.42105263157895,79.42105263157895,95.44757894736843,87.93389473684209,87.93389473684209
Tennessee,2009,81.3157894736842,81.3157894736842,93.8577894736842,89.90789473684211,89.90789473684211
Tennessee,2010,81.3157894736842,81.3157894736842,97.75157894736842,89.90789473684211,89.90789473684211
Tennessee,2011,85.47368421052632,85.47368421052632,99.94505263157896,95.66652631578947,95.66652631578947
Tennessee,2012,85.6842105263158,85.6842105263158,104.11063157894738,97.42252631578947,97.42252631578947
Tennessee,2013,87.11052631578947,87.11052631578947,104.11063157894738,98.90326315789473,98.90326315789473
Tennessee,2014,89.83157894736843,89.83157894736843,104.11063157894738,101.1498947368421,101.1498947368421
Tennessee,2015,89.72105263157894,89.72105263157894,106.39473684210526,100.02631578947368,100.02631578947368
Tennessee,2016,94.57894736842105,94.57894736842105,110.6842105263158,106.10526315789474,106.10526315789474
Tennessee,2017,99.90263157894736,99.90263157894736,119.94736842105263,109.25,109.25
Tennessee,2018,104.14473684210526,104.14473684210526,121.3157894736842,115.52631578947368,115.52631578947368
Texas,2009,87.32224409448818,81.34228346456692,110.86885826771653,101.90015748031496,95.42145669291338
Texas,2010,90.9521653543307,85.54212598425197,114.61358267716535,106.50590551181102,100.64232283464567
Texas,2011,94.58681102362205,89.74539370078739,118.36133858267716,111.1155905511811,105.86633858267716
Texas,2012,98.21712598425198,93.94488188976378,122.10570866141731,115.72066929133858,111.08720472440946
Texas,2013,104.83779527559055,101.37303149606299,127.2255905511811,122.73503937007874,118.97795275590552
Texas,2014,98.15885826771654,96.65452755905511,122.33287401574803,115.45649606299213,113.82559055118111
Texas,2015,102.56692913385827,97.5722440944882,124.25039370078741,120.0753937007874,114.66141732283465
Texas,2016,106.42972440944881,104.99350393700789,131.80669291338583,123.8753937007874,122.31909448818898
Texas,2017,116.98129921259843,112.5716535433071,141.66003937007875,137.3464566929134,132.5541338582677
Texas,2018,118.75905511811024,112.44114173228346,147.5507874015748,141.09153543307087,134.17007874015746
Utah,2008,81.33000000000001,82.34137931034483,92.91344827586207,88.12896551724137,88.12896551724137
Utah,2009,86.05,86.05,105.85758620689654,93.24,93.24
Utah,2010,90.76931034482759,90.76931034482759,119.19689655172414,106.8648275862069,106.8648275862069
Utah,2011,95.49172413793104,95.49172413793104,132.53758620689655,120.48655172413794,120.48655172413794
Utah,2012,90.67068965517241,90.67068965517241,119.12034482758621,108.91586206896551,107.44241379310344
Utah,2013,85.85068965517242,85.85068965517242,105.70689655172414,97.34827586206896,94.39793103448275
Utah,2014,99.50344827586207,98.3096551724138,119.29931034482757,111.57827586206896,108.51137931034482
Utah,2015,113.15448275862069,110.77,132.8889655172414,125.8096551724138,122.62758620689655
Utah,2016,119.59068965517241,116.35275862068966,141.22413793103448,132.55655172413793,129.5396551724138
Utah,2017,126.03172413793104,121.9455172413793,149.5593103448276,139.29827586206898,136.45655172413794
Utah,2018,132.46793103448275,127.52827586206897,157.8993103448276,146.04,144.38758620689654
Vermont,2008,115.53571428571429,115.53571428571429,136.92357142857142,123.23071428571428,118.66785714285713
Vermont,2009,115.53571428571429,115.53571428571429,136.92357142857142,128.2242857142857,123.23071428571428
Vermont,2010,115.53571428571429,115.53571428571429,136.92357142857142,133.21785714285713,127.7957142857143
Vermont,2011,119.99,119.2,146.47,138.9757142857143,135.34642857142856
Vermont,2012,124.44357142857143,122.86142857142856,156.01714285714283,144.73357142857142,142.8957142857143
Vermont,2013,128.0614285714286,126.74142857142859,159.79857142857142,148.94357142857143,147.405
Vermont,2014,131.67857142857142,130.62214285714285,163.57785714285714,153.14857142857142,151.91428571428574
Vermont,2015,133.24428571428572,130.45,161.07642857142858,151.87142857142857,147.2692857142857
Vermont,2016,141.71214285714285,139.15357142857144,167.68,159.6542857142857,155.7564285714286
Vermont,2017,150.17857142857142,147.85714285714286,174.28571428571428,167.43785714285715,164.24142857142857
Vermont,2018,158.645,156.56071428571428,183.4742857142857,176.7642857142857,173.63714285714286
Virginia,2009,96.0223880597015,96.0223880597015,128.12514925373134,110.09089552238807,110.09089552238807
Virginia,2010,97.76865671641791,97.76865671641791,129.82089552238807,111.63432835820896,111.63432835820896
Virginia,2011,99.51492537313433,99.51492537313433,132.56716417910448,114.7723880597015,114.7723880597015
Virginia,2012,101.26119402985074,101.26119402985074,135.3134328358209,117.91044776119404,117.91044776119404
Virginia,2013,105.44231343283582,105.44231343283582,139.79880597014926,122.03925373134328,122.03925373134328
Virginia,2014,109.96037593984963,109.96037593984963,144.65383458646616,126.59203007518798,126.59203007518798
Virginia,2015,114.21052631578948,114.21052631578948,149.17293233082708,130.82706766917292,130.82706766917292
Virginia,2016,115.86541353383458,115.86541353383458,152.6696992481203,132.48097744360902,132.48097744360902
Virginia,2017,117.51804511278195,117.51804511278195,156.16488721804512,134.13556390977442,134.13556390977442
Virginia,2018,119.17293233082707,119.17293233082707,159.66165413533835,135.78947368421052,135.78947368421052
Washington,2008,144.46,136.15,193.71051282051283,168.19153846153847,158.5176923076923
Washington,2009,145.38,133.73,188.47358974358974,169.26153846153846,155.69641025641025
Washington,2010,146.31,131.31,183.23666666666668,170.33717948717947,152.87076923076924
Washington,2011,149.88,135.92,184.7123076923077,174.50410256410257,158.2476923076923
Washington,2012,153.46,140.54,186.18794871794873,178.66538461538462,163.62461538461537
Washington,2013,160.27,146.42,205.13,186.59358974358975,170.4728205128205
Washington,2014,167.08,152.31,224.07205128205126,194.51615384615386,177.31974358974358
Washington,2015,167.95769230769233,154.18897435897435,222.56435897435898,193.20410256410256,177.42589743589744
Washington,2016,168.84410256410257,156.07128205128205,221.05846153846156,191.89307692307693,177.52615384615385
Washington,2017,169.7279487179487,157.95025641025643,219.554358974359,190.58076923076922,177.62615384615384
Washington,2018,170.61282051282052,159.83435897435896,218.04769230769233,189.26410256410256,177.72794871794872
West Virginia,2008,67.3970909090909,67.3970909090909,88.62781818181817,88.62781818181817,88.62781818181817
West Virginia,2009,74.82872727272728,74.82872727272728,88.9829090909091,88.9829090909091,88.9829090909091
West Virginia,2010,82.2610909090909,82.2610909090909,89.33763636363636,89.33763636363636,89.33763636363636
West Virginia,2011,89.69218181818181,89.69218181818181,89.69218181818181,89.69218181818181,89.69218181818181
West Virginia,2012,89.54890909090908,89.54890909090908,97.14527272727273,89.54890909090908,89.54890909090908
West Virginia,2013,89.524,89.524,101.53090909090909,92.05345454545454,92.05345454545454
West Virginia,2014,89.49927272727273,89.49927272727273,105.91345454545454,94.55854545454545,94.55854545454545
West Virginia,2015,89.47399999999999,89.47399999999999,110.29872727272728,97.06272727272727,97.06272727272727
West Virginia,2016,92.17945454545455,92.17945454545455,110.4981818181818,101.15472727272727,101.15472727272727
West Virginia,2017,94.88563636363637,94.88563636363637,110.69836363636364,105.246,105.246
West Virginia,2018,97.59181818181818,97.59181818181818,110.89927272727273,109.33763636363636,109.33763636363636
Wisconsin,2008,122.04642857142858,122.40357142857142,145.52857142857144,133.67,133.67
Wisconsin,2009,127.67142857142858,127.82857142857142,149.01785714285714,137.2002857142857,137.2717142857143
Wisconsin,2010,124.8943661971831,124.96478873239437,146.94605633802817,136.91549295774647,136.91549295774647
Wisconsin,2011,127.92013888888889,127.92013888888889,151.6538888888889,140.76458333333332,140.76458333333332
Wisconsin,2012,131.87027777777777,131.87027777777777,153.97486111111112,143.05555555555554,143.05555555555554
Wisconsin,2013,133.17652777777778,133.21124999999998,155.0209722222222,143.3475,143.6877777777778
Wisconsin,2014,134.48263888888889,134.55208333333334,156.06708333333333,143.63944444444445,144.37555555555556
Wisconsin,2015,136.52638888888887,136.66527777777776,157.17847222222224,146.24402777777777,146.31347222222223
Wisconsin,2016,137.54625,137.61569444444444,158.7136111111111,147.89111111111112,148.03
Wisconsin,2017,138.56555555555553,138.56555555555553,160.2484722222222,149.53777777777776,149.7461111111111
Wisconsin,2018,140.76760563380282,142.24647887323943,168.7394366197183,158.09225352112676,159.43028169014084
Wyoming,2014,119.58652173913045,120.35000000000001,139.28826086956522,139.28826086956522,140.17652173913044
Wyoming,2015,119.45391304347827,119.45391304347827,139.13695652173914,139.13695652173914,139.13695652173914
Wyoming,2016,122.27217391304349,120.85695652173914,147.05,142.4291304347826,140.78
Wyoming,2017,125.09173913043479,122.2613043478261,154.96391304347827,145.7221739130435,142.42391304347825
Wyoming,2018,127.90826086956521,123.66347826086955,162.3886956521739,149.01434782608695,144.06695652173912
